Model,Accuracy,Precision,Recall,F1,ROC_AUC,PR_AUC
HGB_SMOTE,0.7009583333333333,0.0,0.0,0.0,0.507196488853186,0.3032557021958518
GB_SMOTE,0.7009166666666666,0.0,0.0,0.0,0.5019263298003338,0.29901429730238027
LR_SMOTE,0.5045833333333334,0.302024699655549,0.5009056708931309,0.3768343815513627,0.5010298895869079,0.2987615766929538
ET_SMOTE,0.7009166666666666,0.0,0.0,0.0,0.5002272801230353,0.29909686605191355
RF_SMOTE,0.7009583333333333,0.0,0.0,0.0,0.495454240174633,0.29520931316554444
